design,workload,B,ctx,step_ms,tps_user,aggregate_tps,dram_util,mat_util,noc_util,fits,method
pulp_default_S,qwen3_30b_a3b,1,8192,3.154,317.0,317.0,0.201,0.648,,True,analytical
pulp_default_S,qwen3_30b_a3b,1,32768,8.4276,119.0,119.0,0.11,0.618,,True,analytical
pulp_default_S,qwen3_30b_a3b,1,131072,29.522,34.0,34.0,0.071,0.605,,True,analytical
pulp_default_S,qwen3_30b_a3b,2,8192,6.0672,165.0,330.0,0.157,0.674,,True,analytical
pulp_default_S,qwen3_30b_a3b,2,32768,16.6144,60.0,120.0,0.093,0.627,,True,analytical
pulp_default_S,qwen3_30b_a3b,2,131072,58.8032,17.0,34.0,0.066,0.608,,True,analytical
pulp_default_S,qwen3_30b_a3b,4,8192,11.7673,85.0,340.0,0.132,0.695,,True,analytical
pulp_default_S,qwen3_30b_a3b,4,32768,32.8617,30.0,122.0,0.083,0.634,,True,analytical
pulp_default_S,qwen3_30b_a3b,4,131072,117.2393,9.0,34.0,0.064,0.61,,True,analytical
pulp_scaled_S,qwen3_30b_a3b,1,8192,1.1093,901.0,901.0,0.571,0.173,,True,analytical
pulp_scaled_S,qwen3_30b_a3b,1,32768,1.6037,624.0,624.0,0.579,0.305,,True,analytical
pulp_scaled_S,qwen3_30b_a3b,1,131072,3.5813,279.0,279.0,0.589,0.468,,True,analytical
pulp_scaled_S,qwen3_30b_a3b,2,8192,1.6318,613.0,1226.0,0.584,0.235,,True,analytical
pulp_scaled_S,qwen3_30b_a3b,2,32768,2.6206,382.0,763.0,0.588,0.373,,True,analytical
pulp_scaled_S,qwen3_30b_a3b,2,131072,6.5758,152.0,304.0,0.593,0.509,,True,analytical
pulp_scaled_S,qwen3_30b_a3b,4,8192,2.6109,383.0,1532.0,0.593,0.294,,True,analytical
pulp_scaled_S,qwen3_30b_a3b,4,32768,4.5885,218.0,872.0,0.595,0.426,,True,analytical
pulp_scaled_S,qwen3_30b_a3b,4,131072,12.4989,80.0,320.0,0.596,0.536,,True,analytical
tensix_S,qwen3_30b_a3b,1,8192,0.8668,1154.0,1154.0,0.731,0.055,,True,analytical
tensix_S,qwen3_30b_a3b,1,32768,1.2349,810.0,810.0,0.752,0.099,,True,analytical
tensix_S,qwen3_30b_a3b,1,131072,2.7077,369.0,369.0,0.779,0.155,,True,analytical
tensix_S,qwen3_30b_a3b,2,8192,1.2646,791.0,1582.0,0.753,0.076,,True,analytical
tensix_S,qwen3_30b_a3b,2,32768,2.0009,500.0,1000.0,0.771,0.122,,True,analytical
tensix_S,qwen3_30b_a3b,2,131072,4.9464,202.0,404.0,0.789,0.169,,True,analytical
tensix_S,qwen3_30b_a3b,4,8192,2.0097,498.0,1990.0,0.771,0.095,,True,analytical
tensix_S,qwen3_30b_a3b,4,32768,3.4824,287.0,1149.0,0.784,0.14,,True,analytical
tensix_S,qwen3_30b_a3b,4,131072,9.3733,107.0,427.0,0.795,0.179,,True,analytical
pulp_default_M,qwen3_30b_a3b,1,8192,1.6149,619.0,619.0,0.196,0.633,,True,analytical
pulp_default_M,qwen3_30b_a3b,1,32768,4.2517,235.0,235.0,0.109,0.613,,True,analytical
pulp_default_M,qwen3_30b_a3b,1,131072,14.7989,68.0,68.0,0.071,0.604,,True,analytical
pulp_default_M,qwen3_30b_a3b,2,8192,3.0715,326.0,651.0,0.155,0.666,,True,analytical
pulp_default_M,qwen3_30b_a3b,2,32768,8.3451,120.0,240.0,0.092,0.624,,True,analytical
pulp_default_M,qwen3_30b_a3b,2,131072,29.4395,34.0,68.0,0.066,0.607,,True,analytical
pulp_default_M,qwen3_30b_a3b,4,8192,5.9215,169.0,676.0,0.131,0.691,,True,analytical
pulp_default_M,qwen3_30b_a3b,4,32768,16.4687,61.0,243.0,0.083,0.633,,True,analytical
pulp_default_M,qwen3_30b_a3b,4,131072,58.6575,17.0,68.0,0.063,0.609,,True,analytical
pulp_scaled_M,qwen3_30b_a3b,1,8192,0.5034,1987.0,1987.0,0.629,0.19,,True,analytical
pulp_scaled_M,qwen3_30b_a3b,1,32768,0.7506,1332.0,1332.0,0.619,0.325,,True,analytical
pulp_scaled_M,qwen3_30b_a3b,1,131072,1.7394,575.0,575.0,0.606,0.481,,True,analytical
pulp_scaled_M,qwen3_30b_a3b,2,8192,0.7278,1374.0,2748.0,0.654,0.263,,True,analytical
pulp_scaled_M,qwen3_30b_a3b,2,32768,1.2222,818.0,1636.0,0.631,0.4,,True,analytical
pulp_scaled_M,qwen3_30b_a3b,2,131072,3.1998,313.0,625.0,0.61,0.523,,True,analytical
pulp_scaled_M,qwen3_30b_a3b,4,8192,1.1507,869.0,3476.0,0.673,0.333,,True,analytical
pulp_scaled_M,qwen3_30b_a3b,4,32768,2.1395,467.0,1870.0,0.638,0.457,,True,analytical
pulp_scaled_M,qwen3_30b_a3b,4,131072,6.0947,164.0,656.0,0.611,0.55,,True,analytical
tensix_M,qwen3_30b_a3b,1,8192,0.4713,2122.0,2122.0,0.672,0.051,,True,analytical
tensix_M,qwen3_30b_a3b,1,32768,0.6554,1526.0,1526.0,0.708,0.093,,True,analytical
tensix_M,qwen3_30b_a3b,1,131072,1.3917,719.0,719.0,0.757,0.15,,True,analytical
tensix_M,qwen3_30b_a3b,2,8192,0.6702,1492.0,2984.0,0.71,0.072,,True,analytical
tensix_M,qwen3_30b_a3b,2,32768,1.0384,963.0,1926.0,0.743,0.118,,True,analytical
tensix_M,qwen3_30b_a3b,2,131072,2.5111,398.0,796.0,0.777,0.167,,True,analytical
tensix_M,qwen3_30b_a3b,4,8192,1.0427,959.0,3836.0,0.743,0.092,,True,analytical
tensix_M,qwen3_30b_a3b,4,32768,1.7791,562.0,2248.0,0.767,0.137,,True,analytical
tensix_M,qwen3_30b_a3b,4,131072,4.7245,212.0,847.0,0.788,0.177,,True,analytical
pulp_default_L,qwen3_30b_a3b,1,8192,1.1019,908.0,908.0,0.192,0.619,,True,analytical
pulp_default_L,qwen3_30b_a3b,1,32768,2.8597,350.0,350.0,0.108,0.607,,True,analytical
pulp_default_L,qwen3_30b_a3b,1,131072,9.8912,101.0,101.0,0.071,0.602,,True,analytical
pulp_default_L,qwen3_30b_a3b,2,8192,2.0729,482.0,965.0,0.153,0.658,,True,analytical
pulp_default_L,qwen3_30b_a3b,2,32768,5.5887,179.0,358.0,0.092,0.621,,True,analytical
pulp_default_L,qwen3_30b_a3b,2,131072,19.6516,51.0,102.0,0.066,0.606,,True,analytical
pulp_default_L,qwen3_30b_a3b,4,8192,3.973,252.0,1007.0,0.13,0.686,,True,analytical
pulp_default_L,qwen3_30b_a3b,4,32768,11.0044,91.0,363.0,0.083,0.631,,True,analytical
pulp_default_L,qwen3_30b_a3b,4,131072,39.1303,26.0,102.0,0.063,0.609,,True,analytical
pulp_scaled_L,qwen3_30b_a3b,1,8192,0.3535,2829.0,2829.0,0.597,0.181,,True,analytical
pulp_scaled_L,qwen3_30b_a3b,1,32768,0.5183,1929.0,1929.0,0.597,0.314,,True,analytical
pulp_scaled_L,qwen3_30b_a3b,1,131072,1.1775,849.0,849.0,0.597,0.474,,True,analytical
pulp_scaled_L,qwen3_30b_a3b,2,8192,0.5001,2000.0,3999.0,0.635,0.256,,True,analytical
pulp_scaled_L,qwen3_30b_a3b,2,32768,0.8297,1205.0,2411.0,0.62,0.392,,True,analytical
pulp_scaled_L,qwen3_30b_a3b,2,131072,2.1481,466.0,931.0,0.605,0.52,,True,analytical
pulp_scaled_L,qwen3_30b_a3b,4,8192,0.7765,1288.0,5151.0,0.665,0.329,,True,analytical
pulp_scaled_L,qwen3_30b_a3b,4,32768,1.4357,697.0,2786.0,0.634,0.454,,True,analytical
pulp_scaled_L,qwen3_30b_a3b,4,131072,4.0725,246.0,982.0,0.61,0.548,,True,analytical
tensix_L,qwen3_30b_a3b,1,8192,0.3395,2946.0,2946.0,0.622,0.047,,True,analytical
tensix_L,qwen3_30b_a3b,1,32768,0.4622,2164.0,2164.0,0.67,0.088,,True,analytical
tensix_L,qwen3_30b_a3b,1,131072,0.9531,1049.0,1049.0,0.737,0.146,,True,analytical
tensix_L,qwen3_30b_a3b,2,8192,0.4721,2118.0,4237.0,0.672,0.068,,True,analytical
tensix_L,qwen3_30b_a3b,2,32768,0.7175,1394.0,2787.0,0.716,0.113,,True,analytical
tensix_L,qwen3_30b_a3b,2,131072,1.6993,588.0,1177.0,0.765,0.164,,True,analytical
tensix_L,qwen3_30b_a3b,4,8192,0.7204,1388.0,5552.0,0.717,0.089,,True,analytical
tensix_L,qwen3_30b_a3b,4,32768,1.2113,826.0,3302.0,0.751,0.134,,True,analytical
tensix_L,qwen3_30b_a3b,4,131072,3.175,315.0,1260.0,0.782,0.176,,True,analytical
pulp_default_S,v4flash_kvfrac1.0,1,8192,7.6099,131.0,131.0,0.36,0.632,,False,analytical
pulp_default_S,v4flash_kvfrac1.0,1,32768,10.0583,99.0,99.0,0.273,0.521,,False,analytical
pulp_default_S,v4flash_kvfrac1.0,1,131072,19.852,50.0,50.0,0.139,0.35,,False,analytical
pulp_default_S,v4flash_kvfrac1.0,2,8192,13.7865,73.0,145.0,0.259,0.698,,False,analytical
pulp_default_S,v4flash_kvfrac1.0,2,32768,18.6833,54.0,107.0,0.191,0.561,,False,analytical
pulp_default_S,v4flash_kvfrac1.0,2,131072,38.2706,26.0,52.0,0.094,0.363,,False,analytical
pulp_default_S,v4flash_kvfrac1.0,4,8192,26.1802,38.0,153.0,0.197,0.735,,False,analytical
pulp_default_S,v4flash_kvfrac1.0,4,32768,35.9738,28.0,111.0,0.144,0.583,,False,analytical
pulp_default_S,v4flash_kvfrac1.0,4,131072,75.1484,13.0,53.0,0.069,0.37,,False,analytical
pulp_scaled_S,v4flash_kvfrac1.0,1,8192,4.6711,214.0,214.0,0.587,0.097,,False,analytical
pulp_scaled_S,v4flash_kvfrac1.0,1,32768,4.9007,204.0,204.0,0.56,0.1,,False,analytical
pulp_scaled_S,v4flash_kvfrac1.0,1,131072,5.8188,172.0,172.0,0.473,0.112,,False,analytical
pulp_scaled_S,v4flash_kvfrac1.0,2,8192,6.1368,163.0,326.0,0.581,0.147,,False,analytical
pulp_scaled_S,v4flash_kvfrac1.0,2,32768,6.5959,152.0,303.0,0.541,0.149,,False,analytical
pulp_scaled_S,v4flash_kvfrac1.0,2,131072,8.4322,119.0,237.0,0.426,0.155,,False,analytical
pulp_scaled_S,v4flash_kvfrac1.0,4,8192,8.9751,111.0,446.0,0.575,0.201,,False,analytical
pulp_scaled_S,v4flash_kvfrac1.0,4,32768,9.8932,101.0,404.0,0.523,0.199,,False,analytical
pulp_scaled_S,v4flash_kvfrac1.0,4,131072,13.5659,74.0,295.0,0.384,0.192,,False,analytical
tensix_S,v4flash_kvfrac1.0,1,8192,3.5399,282.0,282.0,0.774,0.032,,False,analytical
tensix_S,v4flash_kvfrac1.0,1,32768,3.5705,280.0,280.0,0.768,0.034,,False,analytical
tensix_S,v4flash_kvfrac1.0,1,131072,3.6929,271.0,271.0,0.746,0.044,,False,analytical
tensix_S,v4flash_kvfrac1.0,2,8192,4.5917,218.0,436.0,0.777,0.049,,False,analytical
tensix_S,v4flash_kvfrac1.0,2,32768,4.6528,215.0,430.0,0.767,0.053,,False,analytical
tensix_S,v4flash_kvfrac1.0,2,131072,4.8975,204.0,408.0,0.734,0.067,,False,analytical
tensix_S,v4flash_kvfrac1.0,4,8192,6.6235,151.0,604.0,0.779,0.068,,False,analytical
tensix_S,v4flash_kvfrac1.0,4,32768,6.7459,148.0,593.0,0.766,0.073,,False,analytical
tensix_S,v4flash_kvfrac1.0,4,131072,7.2352,138.0,553.0,0.721,0.09,,False,analytical
pulp_default_M,v4flash_kvfrac1.0,1,8192,3.7765,265.0,265.0,0.363,0.637,,False,analytical
pulp_default_M,v4flash_kvfrac1.0,1,32768,5.0007,200.0,200.0,0.274,0.524,,False,analytical
pulp_default_M,v4flash_kvfrac1.0,1,131072,9.8975,101.0,101.0,0.139,0.351,,False,analytical
pulp_default_M,v4flash_kvfrac1.0,2,8192,6.9367,144.0,288.0,0.257,0.694,,False,analytical
pulp_default_M,v4flash_kvfrac1.0,2,32768,9.3851,107.0,213.0,0.19,0.558,,False,analytical
pulp_default_M,v4flash_kvfrac1.0,2,131072,19.1788,52.0,104.0,0.094,0.363,,False,analytical
pulp_default_M,v4flash_kvfrac1.0,4,8192,13.1391,76.0,304.0,0.196,0.732,,False,analytical
pulp_default_M,v4flash_kvfrac1.0,4,32768,18.0359,55.0,222.0,0.143,0.581,,False,analytical
pulp_default_M,v4flash_kvfrac1.0,4,131072,37.6232,27.0,106.0,0.069,0.37,,False,analytical
pulp_scaled_M,v4flash_kvfrac1.0,1,8192,1.9284,519.0,519.0,0.71,0.117,,False,analytical
pulp_scaled_M,v4flash_kvfrac1.0,1,32768,2.0431,489.0,489.0,0.671,0.12,,False,analytical
pulp_scaled_M,v4flash_kvfrac1.0,1,131072,2.5022,400.0,400.0,0.55,0.13,,False,analytical
pulp_scaled_M,v4flash_kvfrac1.0,2,8192,2.5241,396.0,792.0,0.706,0.179,,False,analytical
pulp_scaled_M,v4flash_kvfrac1.0,2,32768,2.7537,363.0,726.0,0.648,0.178,,False,analytical
pulp_scaled_M,v4flash_kvfrac1.0,2,131072,3.6718,272.0,545.0,0.489,0.178,,False,analytical
pulp_scaled_M,v4flash_kvfrac1.0,4,8192,3.6787,272.0,1087.0,0.701,0.245,,False,analytical
pulp_scaled_M,v4flash_kvfrac1.0,4,32768,4.1377,242.0,967.0,0.625,0.237,,False,analytical
pulp_scaled_M,v4flash_kvfrac1.0,4,131072,5.974,167.0,670.0,0.436,0.218,,False,analytical
tensix_M,v4flash_kvfrac1.0,1,8192,1.819,550.0,550.0,0.753,0.031,,False,analytical
tensix_M,v4flash_kvfrac1.0,1,32768,1.8343,545.0,545.0,0.748,0.033,,False,analytical
tensix_M,v4flash_kvfrac1.0,1,131072,1.8954,528.0,528.0,0.726,0.043,,False,analytical
tensix_M,v4flash_kvfrac1.0,2,8192,2.3448,426.0,853.0,0.76,0.048,,False,analytical
tensix_M,v4flash_kvfrac1.0,2,32768,2.3754,421.0,842.0,0.752,0.052,,False,analytical
tensix_M,v4flash_kvfrac1.0,2,131072,2.4978,400.0,801.0,0.719,0.065,,False,analytical
tensix_M,v4flash_kvfrac1.0,4,8192,3.3608,298.0,1190.0,0.768,0.067,,False,analytical
tensix_M,v4flash_kvfrac1.0,4,32768,3.4219,292.0,1169.0,0.755,0.072,,False,analytical
tensix_M,v4flash_kvfrac1.0,4,131072,3.6666,273.0,1091.0,0.711,0.089,,False,analytical
pulp_default_L,v4flash_kvfrac1.0,1,8192,2.5439,393.0,393.0,0.359,0.63,,False,analytical
pulp_default_L,v4flash_kvfrac1.0,1,32768,3.3601,298.0,298.0,0.272,0.52,,False,analytical
pulp_default_L,v4flash_kvfrac1.0,1,131072,6.6246,151.0,151.0,0.139,0.35,,False,analytical
pulp_default_L,v4flash_kvfrac1.0,2,8192,4.6567,215.0,429.0,0.255,0.689,,False,analytical
pulp_default_L,v4flash_kvfrac1.0,2,32768,6.289,159.0,318.0,0.189,0.556,,False,analytical
pulp_default_L,v4flash_kvfrac1.0,2,131072,12.8181,78.0,156.0,0.093,0.362,,False,analytical
pulp_default_L,v4flash_kvfrac1.0,4,8192,8.792,114.0,455.0,0.196,0.73,,False,analytical
pulp_default_L,v4flash_kvfrac1.0,4,32768,12.0566,83.0,332.0,0.143,0.58,,False,analytical
pulp_default_L,v4flash_kvfrac1.0,4,131072,25.1148,40.0,159.0,0.069,0.369,,False,analytical
pulp_scaled_L,v4flash_kvfrac1.0,1,8192,1.2806,781.0,781.0,0.713,0.117,,False,analytical
pulp_scaled_L,v4flash_kvfrac1.0,1,32768,1.3571,737.0,737.0,0.674,0.121,,False,analytical
pulp_scaled_L,v4flash_kvfrac1.0,1,131072,1.6632,601.0,601.0,0.552,0.131,,False,analytical
pulp_scaled_L,v4flash_kvfrac1.0,2,8192,1.6665,600.0,1200.0,0.713,0.18,,False,analytical
pulp_scaled_L,v4flash_kvfrac1.0,2,32768,1.8195,550.0,1099.0,0.654,0.18,,False,analytical
pulp_scaled_L,v4flash_kvfrac1.0,2,131072,2.4316,411.0,823.0,0.492,0.179,,False,analytical
pulp_scaled_L,v4flash_kvfrac1.0,4,8192,2.4143,414.0,1657.0,0.712,0.249,,False,analytical
pulp_scaled_L,v4flash_kvfrac1.0,4,32768,2.7203,368.0,1470.0,0.634,0.241,,False,analytical
pulp_scaled_L,v4flash_kvfrac1.0,4,131072,3.9446,254.0,1014.0,0.441,0.22,,False,analytical
tensix_L,v4flash_kvfrac1.0,1,8192,1.2453,803.0,803.0,0.733,0.03,,False,analytical
tensix_L,v4flash_kvfrac1.0,1,32768,1.2555,796.0,796.0,0.728,0.033,,False,analytical
tensix_L,v4flash_kvfrac1.0,1,131072,1.2963,771.0,771.0,0.708,0.042,,False,analytical
tensix_L,v4flash_kvfrac1.0,2,8192,1.5959,627.0,1253.0,0.745,0.047,,False,analytical
tensix_L,v4flash_kvfrac1.0,2,32768,1.6163,619.0,1237.0,0.736,0.051,,False,analytical
tensix_L,v4flash_kvfrac1.0,2,131072,1.6978,589.0,1178.0,0.705,0.064,,False,analytical
tensix_L,v4flash_kvfrac1.0,4,8192,2.2732,440.0,1760.0,0.757,0.066,,False,analytical
tensix_L,v4flash_kvfrac1.0,4,32768,2.314,432.0,1729.0,0.745,0.071,,False,analytical
tensix_L,v4flash_kvfrac1.0,4,131072,2.4771,404.0,1615.0,0.702,0.088,,False,analytical
pulp_default_S,v4flash_kvfrac0.25,1,8192,7.1416,140.0,140.0,0.383,0.626,,False,analytical
pulp_default_S,v4flash_kvfrac0.25,1,32768,9.4874,105.0,105.0,0.289,0.51,,False,analytical
pulp_default_S,v4flash_kvfrac0.25,1,131072,18.8709,53.0,53.0,0.146,0.334,,False,analytical
pulp_default_S,v4flash_kvfrac0.25,2,8192,12.7738,78.0,157.0,0.279,0.699,,False,analytical
pulp_default_S,v4flash_kvfrac0.25,2,32768,17.4655,57.0,115.0,0.204,0.554,,False,analytical
pulp_default_S,v4flash_kvfrac0.25,2,131072,36.2324,28.0,55.0,0.099,0.348,,False,analytical
pulp_default_S,v4flash_kvfrac0.25,4,8192,23.9487,42.0,167.0,0.215,0.746,,False,analytical
pulp_default_S,v4flash_kvfrac0.25,4,32768,33.3321,30.0,120.0,0.155,0.58,,False,analytical
pulp_default_S,v4flash_kvfrac0.25,4,131072,70.8659,14.0,56.0,0.073,0.356,,False,analytical
pulp_scaled_S,v4flash_kvfrac0.25,1,8192,4.6272,216.0,216.0,0.592,0.091,,False,analytical
pulp_scaled_S,v4flash_kvfrac0.25,1,32768,4.8472,206.0,206.0,0.565,0.094,,False,analytical
pulp_scaled_S,v4flash_kvfrac0.25,1,131072,5.7269,175.0,175.0,0.48,0.103,,False,analytical
pulp_scaled_S,v4flash_kvfrac0.25,2,8192,6.049,165.0,331.0,0.589,0.138,,False,analytical
pulp_scaled_S,v4flash_kvfrac0.25,2,32768,6.4889,154.0,308.0,0.55,0.14,,False,analytical
pulp_scaled_S,v4flash_kvfrac0.25,2,131072,8.2483,121.0,242.0,0.435,0.143,,False,analytical
pulp_scaled_S,v4flash_kvfrac0.25,4,8192,8.7995,114.0,455.0,0.585,0.19,,False,analytical
pulp_scaled_S,v4flash_kvfrac0.25,4,32768,9.6792,103.0,413.0,0.533,0.187,,False,analytical
pulp_scaled_S,v4flash_kvfrac0.25,4,131072,13.198,76.0,303.0,0.394,0.179,,False,analytical
tensix_S,v4flash_kvfrac0.25,1,8192,3.528,283.0,283.0,0.776,0.03,,False,analytical
tensix_S,v4flash_kvfrac0.25,1,32768,3.5559,281.0,281.0,0.771,0.032,,False,analytical
tensix_S,v4flash_kvfrac0.25,1,131072,3.6678,273.0,273.0,0.75,0.04,,False,analytical
tensix_S,v4flash_kvfrac0.25,2,8192,4.5677,219.0,438.0,0.78,0.046,,False,analytical
tensix_S,v4flash_kvfrac0.25,2,32768,4.6237,216.0,433.0,0.771,0.049,,False,analytical
tensix_S,v4flash_kvfrac0.25,2,131072,4.8474,206.0,413.0,0.74,0.061,,False,analytical
tensix_S,v4flash_kvfrac0.25,4,8192,6.5756,152.0,608.0,0.784,0.064,,False,analytical
tensix_S,v4flash_kvfrac0.25,4,32768,6.6875,150.0,598.0,0.772,0.068,,False,analytical
tensix_S,v4flash_kvfrac0.25,4,131072,7.1349,140.0,561.0,0.728,0.083,,False,analytical
pulp_default_M,v4flash_kvfrac0.25,1,8192,3.5423,282.0,282.0,0.387,0.631,,False,analytical
pulp_default_M,v4flash_kvfrac0.25,1,32768,4.7152,212.0,212.0,0.291,0.513,,False,analytical
pulp_default_M,v4flash_kvfrac0.25,1,131072,9.407,106.0,106.0,0.146,0.335,,False,analytical
pulp_default_M,v4flash_kvfrac0.25,2,8192,6.4092,156.0,312.0,0.278,0.697,,False,analytical
pulp_default_M,v4flash_kvfrac0.25,2,32768,8.7551,114.0,228.0,0.204,0.552,,False,analytical
pulp_default_M,v4flash_kvfrac0.25,2,131072,18.1385,55.0,110.0,0.099,0.348,,False,analytical
pulp_default_M,v4flash_kvfrac0.25,4,8192,12.0022,83.0,333.0,0.215,0.744,,False,analytical
pulp_default_M,v4flash_kvfrac0.25,4,32768,16.6939,60.0,240.0,0.155,0.579,,False,analytical
pulp_default_M,v4flash_kvfrac0.25,4,131072,35.4608,28.0,113.0,0.073,0.356,,False,analytical
pulp_scaled_M,v4flash_kvfrac0.25,1,8192,1.9064,525.0,525.0,0.718,0.11,,False,analytical
pulp_scaled_M,v4flash_kvfrac0.25,1,32768,2.0164,496.0,496.0,0.68,0.112,,False,analytical
pulp_scaled_M,v4flash_kvfrac0.25,1,131072,2.4562,407.0,407.0,0.56,0.12,,False,analytical
pulp_scaled_M,v4flash_kvfrac0.25,2,8192,2.4802,403.0,806.0,0.718,0.169,,False,analytical
pulp_scaled_M,v4flash_kvfrac0.25,2,32768,2.7002,370.0,741.0,0.66,0.168,,False,analytical
pulp_scaled_M,v4flash_kvfrac0.25,2,131072,3.5798,279.0,559.0,0.501,0.165,,False,analytical
pulp_scaled_M,v4flash_kvfrac0.25,4,8192,3.5909,278.0,1114.0,0.717,0.233,,False,analytical
pulp_scaled_M,v4flash_kvfrac0.25,4,32768,4.0307,248.0,992.0,0.64,0.225,,False,analytical
pulp_scaled_M,v4flash_kvfrac0.25,4,131072,5.7901,173.0,691.0,0.449,0.204,,False,analytical
tensix_M,v4flash_kvfrac0.25,1,8192,1.813,552.0,552.0,0.755,0.029,,False,analytical
tensix_M,v4flash_kvfrac0.25,1,32768,1.827,547.0,547.0,0.75,0.031,,False,analytical
tensix_M,v4flash_kvfrac0.25,1,131072,1.8829,531.0,531.0,0.73,0.039,,False,analytical
tensix_M,v4flash_kvfrac0.25,2,8192,2.3329,429.0,857.0,0.763,0.045,,False,analytical
tensix_M,v4flash_kvfrac0.25,2,32768,2.3608,424.0,847.0,0.755,0.048,,False,analytical
tensix_M,v4flash_kvfrac0.25,2,131072,2.4727,404.0,809.0,0.725,0.06,,False,analytical
tensix_M,v4flash_kvfrac0.25,4,8192,3.3368,300.0,1199.0,0.772,0.063,,False,analytical
tensix_M,v4flash_kvfrac0.25,4,32768,3.3927,295.0,1179.0,0.761,0.067,,False,analytical
tensix_M,v4flash_kvfrac0.25,4,131072,3.6165,277.0,1106.0,0.719,0.082,,False,analytical
pulp_default_L,v4flash_kvfrac0.25,1,8192,2.3878,419.0,419.0,0.382,0.624,,False,analytical
pulp_default_L,v4flash_kvfrac0.25,1,32768,3.1698,315.0,315.0,0.288,0.508,,False,analytical
pulp_default_L,v4flash_kvfrac0.25,1,131072,6.2976,159.0,159.0,0.146,0.334,,False,analytical
pulp_default_L,v4flash_kvfrac0.25,2,8192,4.3033,232.0,465.0,0.276,0.692,,False,analytical
pulp_default_L,v4flash_kvfrac0.25,2,32768,5.8672,170.0,341.0,0.203,0.549,,False,analytical
pulp_default_L,v4flash_kvfrac0.25,2,131072,12.1228,82.0,165.0,0.099,0.347,,False,analytical
pulp_default_L,v4flash_kvfrac0.25,4,8192,8.0324,124.0,498.0,0.214,0.742,,False,analytical
pulp_default_L,v4flash_kvfrac0.25,4,32768,11.1602,90.0,358.0,0.154,0.578,,False,analytical
pulp_default_L,v4flash_kvfrac0.25,4,131072,23.6714,42.0,169.0,0.073,0.355,,False,analytical
pulp_scaled_L,v4flash_kvfrac0.25,1,8192,1.266,790.0,790.0,0.721,0.11,,False,analytical
pulp_scaled_L,v4flash_kvfrac0.25,1,32768,1.3393,747.0,747.0,0.682,0.113,,False,analytical
pulp_scaled_L,v4flash_kvfrac0.25,1,131072,1.6325,613.0,613.0,0.561,0.121,,False,analytical
pulp_scaled_L,v4flash_kvfrac0.25,2,8192,1.6372,611.0,1222.0,0.725,0.171,,False,analytical
pulp_scaled_L,v4flash_kvfrac0.25,2,32768,1.7838,561.0,1121.0,0.666,0.169,,False,analytical
pulp_scaled_L,v4flash_kvfrac0.25,2,131072,2.3703,422.0,844.0,0.504,0.166,,False,analytical
pulp_scaled_L,v4flash_kvfrac0.25,4,8192,2.3558,424.0,1698.0,0.729,0.237,,False,analytical
pulp_scaled_L,v4flash_kvfrac0.25,4,32768,2.649,378.0,1510.0,0.649,0.228,,False,analytical
pulp_scaled_L,v4flash_kvfrac0.25,4,131072,3.8219,262.0,1047.0,0.453,0.206,,False,analytical
tensix_L,v4flash_kvfrac0.25,1,8192,1.2413,806.0,806.0,0.735,0.028,,False,analytical
tensix_L,v4flash_kvfrac0.25,1,32768,1.2506,800.0,800.0,0.73,0.03,,False,analytical
tensix_L,v4flash_kvfrac0.25,1,131072,1.2879,776.0,776.0,0.712,0.038,,False,analytical
tensix_L,v4flash_kvfrac0.25,2,8192,1.5879,630.0,1260.0,0.748,0.044,,False,analytical
tensix_L,v4flash_kvfrac0.25,2,32768,1.6066,622.0,1245.0,0.74,0.047,,False,analytical
tensix_L,v4flash_kvfrac0.25,2,131072,1.6811,595.0,1190.0,0.711,0.059,,False,analytical
tensix_L,v4flash_kvfrac0.25,4,8192,2.2572,443.0,1772.0,0.761,0.062,,False,analytical
tensix_L,v4flash_kvfrac0.25,4,32768,2.2945,436.0,1743.0,0.75,0.066,,False,analytical
tensix_L,v4flash_kvfrac0.25,4,131072,2.4436,409.0,1637.0,0.709,0.081,,False,analytical
pulp_default_S,v4flash_kvfrac0.1,1,8192,7.0479,142.0,142.0,0.388,0.624,,False,analytical
pulp_default_S,v4flash_kvfrac0.1,1,32768,9.3733,107.0,107.0,0.292,0.507,,False,analytical
pulp_default_S,v4flash_kvfrac0.1,1,131072,18.6747,54.0,54.0,0.147,0.331,,False,analytical
pulp_default_S,v4flash_kvfrac0.1,2,8192,12.5865,79.0,159.0,0.283,0.699,,False,analytical
pulp_default_S,v4flash_kvfrac0.1,2,32768,17.2372,58.0,116.0,0.207,0.552,,False,analytical
pulp_default_S,v4flash_kvfrac0.1,2,131072,35.84,28.0,56.0,0.1,0.344,,False,analytical
pulp_default_S,v4flash_kvfrac0.1,4,8192,23.574,42.0,170.0,0.218,0.746,,False,analytical
pulp_default_S,v4flash_kvfrac0.1,4,32768,32.8754,30.0,122.0,0.157,0.578,,False,analytical
pulp_default_S,v4flash_kvfrac0.1,4,131072,70.0811,14.0,57.0,0.074,0.352,,False,analytical
pulp_scaled_S,v4flash_kvfrac0.1,1,8192,4.6184,217.0,217.0,0.593,0.089,,False,analytical
pulp_scaled_S,v4flash_kvfrac0.1,1,32768,4.8364,207.0,207.0,0.567,0.092,,False,analytical
pulp_scaled_S,v4flash_kvfrac0.1,1,131072,5.7085,175.0,175.0,0.482,0.101,,False,analytical
pulp_scaled_S,v4flash_kvfrac0.1,2,8192,6.0315,166.0,332.0,0.59,0.137,,False,analytical
pulp_scaled_S,v4flash_kvfrac0.1,2,32768,6.4675,155.0,309.0,0.551,0.138,,False,analytical
pulp_scaled_S,v4flash_kvfrac0.1,2,131072,8.2115,122.0,244.0,0.436,0.141,,False,analytical
pulp_scaled_S,v4flash_kvfrac0.1,4,8192,8.7643,114.0,456.0,0.588,0.188,,False,analytical
pulp_scaled_S,v4flash_kvfrac0.1,4,32768,9.6364,104.0,415.0,0.535,0.185,,False,analytical
pulp_scaled_S,v4flash_kvfrac0.1,4,131072,13.1244,76.0,305.0,0.396,0.176,,False,analytical
tensix_S,v4flash_kvfrac0.1,1,8192,3.5256,284.0,284.0,0.777,0.029,,False,analytical
tensix_S,v4flash_kvfrac0.1,1,32768,3.553,281.0,281.0,0.771,0.031,,False,analytical
tensix_S,v4flash_kvfrac0.1,1,131072,3.6628,273.0,273.0,0.75,0.04,,False,analytical
tensix_S,v4flash_kvfrac0.1,2,8192,4.5629,219.0,438.0,0.78,0.045,,False,analytical
tensix_S,v4flash_kvfrac0.1,2,32768,4.6178,217.0,433.0,0.772,0.048,,False,analytical
tensix_S,v4flash_kvfrac0.1,2,131072,4.8373,207.0,413.0,0.741,0.06,,False,analytical
tensix_S,v4flash_kvfrac0.1,4,8192,6.566,152.0,609.0,0.784,0.063,,False,analytical
tensix_S,v4flash_kvfrac0.1,4,32768,6.6758,150.0,599.0,0.773,0.067,,False,analytical
tensix_S,v4flash_kvfrac0.1,4,131072,7.1148,141.0,562.0,0.73,0.081,,False,analytical
pulp_default_M,v4flash_kvfrac0.1,1,8192,3.4955,286.0,286.0,0.392,0.629,,False,analytical
pulp_default_M,v4flash_kvfrac0.1,1,32768,4.6582,215.0,215.0,0.294,0.51,,False,analytical
pulp_default_M,v4flash_kvfrac0.1,1,131072,9.3089,107.0,107.0,0.148,0.332,,False,analytical
pulp_default_M,v4flash_kvfrac0.1,2,8192,6.3156,158.0,317.0,0.282,0.696,,False,analytical
pulp_default_M,v4flash_kvfrac0.1,2,32768,8.6409,116.0,231.0,0.206,0.55,,False,analytical
pulp_default_M,v4flash_kvfrac0.1,2,131072,17.9423,56.0,111.0,0.1,0.344,,False,analytical
pulp_default_M,v4flash_kvfrac0.1,4,8192,11.8148,85.0,339.0,0.218,0.745,,False,analytical
pulp_default_M,v4flash_kvfrac0.1,4,32768,16.4655,61.0,243.0,0.157,0.577,,False,analytical
pulp_default_M,v4flash_kvfrac0.1,4,131072,35.0684,29.0,114.0,0.074,0.352,,False,analytical
pulp_scaled_M,v4flash_kvfrac0.1,1,8192,1.902,526.0,526.0,0.72,0.108,,False,analytical
pulp_scaled_M,v4flash_kvfrac0.1,1,32768,2.011,497.0,497.0,0.681,0.111,,False,analytical
pulp_scaled_M,v4flash_kvfrac0.1,1,131072,2.447,409.0,409.0,0.562,0.118,,False,analytical
pulp_scaled_M,v4flash_kvfrac0.1,2,8192,2.4714,405.0,809.0,0.72,0.167,,False,analytical
pulp_scaled_M,v4flash_kvfrac0.1,2,32768,2.6894,372.0,744.0,0.663,0.166,,False,analytical
pulp_scaled_M,v4flash_kvfrac0.1,2,131072,3.5615,281.0,562.0,0.503,0.162,,False,analytical
pulp_scaled_M,v4flash_kvfrac0.1,4,8192,3.5733,280.0,1119.0,0.721,0.231,,False,analytical
pulp_scaled_M,v4flash_kvfrac0.1,4,32768,4.0093,249.0,998.0,0.643,0.222,,False,analytical
pulp_scaled_M,v4flash_kvfrac0.1,4,131072,5.7533,174.0,695.0,0.451,0.201,,False,analytical
tensix_M,v4flash_kvfrac0.1,1,8192,1.8118,552.0,552.0,0.756,0.028,,False,analytical
tensix_M,v4flash_kvfrac0.1,1,32768,1.8255,548.0,548.0,0.75,0.031,,False,analytical
tensix_M,v4flash_kvfrac0.1,1,131072,1.8804,532.0,532.0,0.731,0.038,,False,analytical
tensix_M,v4flash_kvfrac0.1,2,8192,2.3305,429.0,858.0,0.764,0.044,,False,analytical
tensix_M,v4flash_kvfrac0.1,2,32768,2.3579,424.0,848.0,0.756,0.047,,False,analytical
tensix_M,v4flash_kvfrac0.1,2,131072,2.4677,405.0,810.0,0.726,0.059,,False,analytical
tensix_M,v4flash_kvfrac0.1,4,8192,3.332,300.0,1200.0,0.773,0.062,,False,analytical
tensix_M,v4flash_kvfrac0.1,4,32768,3.3869,295.0,1181.0,0.762,0.066,,False,analytical
tensix_M,v4flash_kvfrac0.1,4,131072,3.6064,277.0,1109.0,0.72,0.08,,False,analytical
pulp_default_L,v4flash_kvfrac0.1,1,8192,2.3566,424.0,424.0,0.387,0.622,,False,analytical
pulp_default_L,v4flash_kvfrac0.1,1,32768,3.1317,319.0,319.0,0.292,0.506,,False,analytical
pulp_default_L,v4flash_kvfrac0.1,1,131072,6.2322,160.0,160.0,0.147,0.33,,False,analytical
pulp_default_L,v4flash_kvfrac0.1,2,8192,4.2408,236.0,472.0,0.28,0.691,,False,analytical
pulp_default_L,v4flash_kvfrac0.1,2,32768,5.7911,173.0,345.0,0.205,0.547,,False,analytical
pulp_default_L,v4flash_kvfrac0.1,2,131072,11.992,83.0,167.0,0.1,0.343,,False,analytical
pulp_default_L,v4flash_kvfrac0.1,4,8192,7.9075,126.0,506.0,0.217,0.742,,False,analytical
pulp_default_L,v4flash_kvfrac0.1,4,32768,11.0079,91.0,363.0,0.156,0.576,,False,analytical
pulp_default_L,v4flash_kvfrac0.1,4,131072,23.4098,43.0,171.0,0.074,0.352,,False,analytical
pulp_scaled_L,v4flash_kvfrac0.1,1,8192,1.263,792.0,792.0,0.723,0.109,,False,analytical
pulp_scaled_L,v4flash_kvfrac0.1,1,32768,1.3357,749.0,749.0,0.684,0.111,,False,analytical
pulp_scaled_L,v4flash_kvfrac0.1,1,131072,1.6264,615.0,615.0,0.563,0.119,,False,analytical
pulp_scaled_L,v4flash_kvfrac0.1,2,8192,1.6313,613.0,1226.0,0.728,0.169,,False,analytical
pulp_scaled_L,v4flash_kvfrac0.1,2,32768,1.7767,563.0,1126.0,0.669,0.167,,False,analytical
pulp_scaled_L,v4flash_kvfrac0.1,2,131072,2.358,424.0,848.0,0.507,0.164,,False,analytical
pulp_scaled_L,v4flash_kvfrac0.1,4,8192,2.3441,427.0,1706.0,0.732,0.235,,False,analytical
pulp_scaled_L,v4flash_kvfrac0.1,4,32768,2.6347,380.0,1518.0,0.653,0.226,,False,analytical
pulp_scaled_L,v4flash_kvfrac0.1,4,131072,3.7974,263.0,1053.0,0.456,0.203,,False,analytical
tensix_L,v4flash_kvfrac0.1,1,8192,1.2405,806.0,806.0,0.736,0.028,,False,analytical
tensix_L,v4flash_kvfrac0.1,1,32768,1.2497,800.0,800.0,0.731,0.03,,False,analytical
tensix_L,v4flash_kvfrac0.1,1,131072,1.2863,777.0,777.0,0.712,0.037,,False,analytical
tensix_L,v4flash_kvfrac0.1,2,8192,1.5863,630.0,1261.0,0.748,0.043,,False,analytical
tensix_L,v4flash_kvfrac0.1,2,32768,1.6046,623.0,1246.0,0.741,0.046,,False,analytical
tensix_L,v4flash_kvfrac0.1,2,131072,1.6778,596.0,1192.0,0.712,0.057,,False,analytical
tensix_L,v4flash_kvfrac0.1,4,8192,2.254,444.0,1775.0,0.762,0.061,,False,analytical
tensix_L,v4flash_kvfrac0.1,4,32768,2.2906,437.0,1746.0,0.751,0.065,,False,analytical
tensix_L,v4flash_kvfrac0.1,4,131072,2.4369,410.0,1641.0,0.711,0.079,,False,analytical
